X,Y,id,icon_url
-79.2652363395423,42.9374302281984,"1",./0.png
