X,Y,Name,icon_url
-79.0708009556221,43.1163882835544,Great Wolf Lodge,./0.png
-79.0708009556221,43.1163882835544,,./0.png
