X,Y,id,icon_url
-79.1088936353282,43.0958261804847,"1",./0.png
