X,Y,id,icon_url
-79.1161700459278,43.1503550466518,"1",./0.png
