X,Y,id,icon_url
-79.2373157914719,43.0889017632805,"1",./0.png
