X,Y,id,icon_url
-79.0670206831203,42.9982301288204,"1",./0.png
-79.2157492290541,43.169573305473,"2",./0.png
