X,Y,id,icon_url
-78.9234810059424,43.2826887341909,"1",./0.png
