X,Y,id,icon_url
-79.167166947418,42.8921031104362,"1",./0.png
-79.3783493066152,42.9355746865243,"2",./0.png
