X,Y,id,icon_url
-79.2201056146965,42.9606796144097,"1",./0.png
