X,Y,id,icon_url
-78.9234419758057,43.2699867304051,"1",./0.png
