X,Y,ID,Name,icon_url
-78.9828647053331,43.2194010569726,"1",New York State,
