X,Y,id,Name,icon_url
-78.9235395511476,43.2766790576685,"1",N,
