X,Y,id,icon_url
-78.9682435357232,43.0136516768069,"1",./0.png
-79.0112818069753,43.1225665681446,"3",./0.png
-78.9099669012284,42.9798274829333,"4",./0.png
